Date and Time,GUESS
2014-12-01T00:00:00,2.12866
2014-12-02T00:00:00,2.10829
2014-12-03T00:00:00,2.0192099999999997
2014-12-04T00:00:00,2.0011799999999997
2014-12-05T00:00:00,1.9359099999999998
2014-12-06T00:00:00,1.8703599999999998
2014-12-07T00:00:00,1.754
2014-12-08T00:00:00,1.7141
2014-12-09T00:00:00,1.7070400000000001
2014-12-10T00:00:00,1.7807099999999998
2014-12-11T00:00:00,1.7754599999999998
2014-12-12T00:00:00,1.7614599999999998
2014-12-13T00:00:00,1.75797
2014-12-14T00:00:00,1.7754599999999998
2014-12-15T00:00:00,1.7807099999999998
2014-12-16T00:00:00,1.7702099999999998
2014-12-17T00:00:00,1.7054900000000002
2014-12-18T00:00:00,1.69165
2014-12-19T00:00:00,1.6571900000000002
2014-12-20T00:00:00,1.6503
2014-12-21T00:00:00,1.66955
2014-12-22T00:00:00,1.62447
2014-12-23T00:00:00,1.6713
2014-12-24T00:00:00,1.70965
2014-12-25T00:00:00,1.76141
2014-12-26T00:00:00,1.79591
2014-12-27T00:00:00,1.8286900000000001
2014-12-28T00:00:00,1.86665
2014-12-29T00:00:00,1.93565
2014-12-30T00:00:00,1.90805
2014-12-31T00:00:00,1.92297
2015-01-01T00:00:00,1.92638
2015-01-02T00:00:00,1.96226
2015-01-03T00:00:00,1.97765
2015-01-04T00:00:00,1.9845099999999998
2015-01-05T00:00:00,1.99148
2015-01-06T00:00:00,2.01858
2015-01-07T00:00:00,2.0061400000000003
2015-01-08T00:00:00,1.95105
2015-01-09T00:00:00,1.9368400000000001
2015-01-10T00:00:00,1.8959700000000002
2015-01-11T00:00:00,1.86221
2015-01-12T00:00:00,1.8789799999999999
2015-01-13T00:00:00,1.80187
2015-01-14T00:00:00,1.8292
2015-01-15T00:00:00,1.85654
2015-01-16T00:00:00,1.8729099999999999
2015-01-17T00:00:00,1.8857599999999999
2015-01-18T00:00:00,1.9110099999999999
2015-01-19T00:00:00,1.8937
2015-01-20T00:00:00,1.9225400000000001
2015-01-21T00:00:00,1.89563
2015-01-22T00:00:00,1.91678
2015-01-23T00:00:00,1.8687099999999999
2015-01-24T00:00:00,1.83795
2015-01-25T00:00:00,1.7937299999999998
2015-01-26T00:00:00,1.7399
2015-01-27T00:00:00,1.7879599999999998
2015-01-28T00:00:00,1.8096900000000002
2015-01-29T00:00:00,1.8280900000000002
2015-01-30T00:00:00,1.8405200000000002
2015-01-31T00:00:00,1.8876
2015-02-01T00:00:00,1.95213
2015-02-02T00:00:00,1.97324
2015-02-03T00:00:00,1.93808
2015-02-04T00:00:00,1.9435
2015-02-05T00:00:00,1.90199
2015-02-06T00:00:00,1.96695
2015-02-07T00:00:00,1.99763
2015-02-08T00:00:00,1.9218400000000002
2015-02-09T00:00:00,1.95785
2015-02-10T00:00:00,2.00579
2015-02-11T00:00:00,2.0068099999999998
2015-02-12T00:00:00,2.00588
2015-02-13T00:00:00,1.9622
2015-02-14T00:00:00,1.9647599999999998
2015-02-15T00:00:00,1.99423
2015-02-16T00:00:00,2.00006
2015-02-17T00:00:00,2.00978
2015-02-18T00:00:00,2.03116
2015-02-19T00:00:00,2.0855799999999998
2015-02-20T00:00:00,2.13612
2015-02-21T00:00:00,2.0914099999999998
2015-02-22T00:00:00,2.12446
2015-02-23T00:00:00,2.0969900000000004
2015-02-24T00:00:00,2.0774
2015-02-25T00:00:00,2.08288
2015-02-26T00:00:00,2.05804
2015-02-27T00:00:00,2.05789
2015-02-28T00:00:00,2.06522
2015-03-01T00:00:00,2.07789
2015-03-02T00:00:00,2.10442
2015-03-03T00:00:00,2.13708
2015-03-04T00:00:00,2.13912
2015-03-05T00:00:00,2.07789
2015-03-06T00:00:00,2.07789
2015-03-07T00:00:00,2.0901400000000003
2015-03-08T00:00:00,2.10238
2015-03-09T00:00:00,2.06993
2015-03-10T00:00:00,2.06871
2015-03-11T00:00:00,2.09248
2015-03-12T00:00:00,2.13558
2015-03-13T00:00:00,2.10132
2015-03-14T00:00:00,2.09138
2015-03-15T00:00:00,2.0777900000000002
2015-03-16T00:00:00,2.07572
2015-03-17T00:00:00,2.05913
2015-03-18T00:00:00,2.0072900000000002
2015-03-19T00:00:00,2.02802
2015-03-20T00:00:00,2.0321700000000003
2015-03-21T00:00:00,2.05083
2015-03-22T00:00:00,2.0218
2015-03-23T00:00:00,2.06535
2015-03-24T00:00:00,2.10993
2015-03-25T00:00:00,2.15662
2015-03-26T00:00:00,2.1644400000000004
2015-03-27T00:00:00,2.22338
2015-03-28T00:00:00,2.2332400000000003
2015-03-29T00:00:00,2.26588
2015-03-30T00:00:00,2.24073
2015-03-31T00:00:00,2.20396
2015-04-01T00:00:00,2.1549400000000003
2015-04-02T00:00:00,2.1508599999999998
2015-04-03T00:00:00,2.10796
2015-04-04T00:00:00,2.11613
2015-04-05T00:00:00,2.13415
2015-04-06T00:00:00,2.12299
2015-04-07T00:00:00,2.1623799999999997
2015-04-08T00:00:00,2.1296
2015-04-09T00:00:00,2.13849
2015-04-10T00:00:00,2.13705
2015-04-11T00:00:00,2.1186700000000003
2015-04-12T00:00:00,2.08624
2015-04-13T00:00:00,2.11219
2015-04-14T00:00:00,2.11002
2015-04-15T00:00:00,2.1186700000000003
2015-04-16T00:00:00,2.10786
2015-04-17T00:00:00,2.09057
2015-04-18T00:00:00,2.08192
2015-04-19T00:00:00,2.08192
2015-04-20T00:00:00,2.13597
2015-04-21T00:00:00,2.12537
2015-04-22T00:00:00,2.15713
2015-04-23T00:00:00,2.14605
2015-04-24T00:00:00,2.10615
2015-04-25T00:00:00,2.13919
2015-04-26T00:00:00,2.1553400000000003
2015-04-27T00:00:00,2.08373
2015-04-28T00:00:00,2.07956
2015-04-29T00:00:00,2.05042
2015-04-30T00:00:00,2.0400099999999997
2015-05-01T00:00:00,2.09622
2015-05-02T00:00:00,2.08164
2015-05-03T00:00:00,2.05875
2015-05-04T00:00:00,2.04645
2015-05-05T00:00:00,2.04042
2015-05-06T00:00:00,2.06977
2015-05-07T00:00:00,2.1282900000000002
2015-05-08T00:00:00,2.13058
2015-05-09T00:00:00,2.08705
2015-05-10T00:00:00,2.0685
2015-05-11T00:00:00,2.10391
2015-05-12T00:00:00,2.1122400000000003
2015-05-13T00:00:00,2.1518200000000003
2015-05-14T00:00:00,2.1080799999999997
2015-05-15T00:00:00,2.1434900000000003
2015-05-16T00:00:00,2.1476599999999997
2015-05-17T00:00:00,2.24812
2015-05-18T00:00:00,2.23009
2015-05-19T00:00:00,2.19119
2015-05-20T00:00:00,2.15675
2015-05-21T00:00:00,2.19162
2015-05-22T00:00:00,2.1509400000000003
2015-05-23T00:00:00,2.14038
2015-05-24T00:00:00,2.07209
2015-05-25T00:00:00,2.08703
2015-05-26T00:00:00,2.08489
2015-05-27T00:00:00,2.0913
2015-05-28T00:00:00,2.04648
2015-05-29T00:00:00,2.07849
2015-05-30T00:00:00,2.08703
2015-05-31T00:00:00,2.09983
2015-06-01T00:00:00,2.08489
2015-06-02T00:00:00,2.10059
2015-06-03T00:00:00,2.08663
2015-06-04T00:00:00,2.1004099999999997
2015-06-05T00:00:00,2.0608400000000002
2015-06-06T00:00:00,2.13122
2015-06-07T00:00:00,2.1650099999999997
2015-06-08T00:00:00,2.16604
2015-06-09T00:00:00,2.19933
2015-06-10T00:00:00,2.2326200000000003
2015-06-11T00:00:00,2.2596700000000003
2015-06-12T00:00:00,2.2471900000000002
2015-06-13T00:00:00,2.24094
2015-06-14T00:00:00,2.2085
2015-06-15T00:00:00,2.2410200000000002
2015-06-16T00:00:00,2.17118
2015-06-17T00:00:00,2.1509400000000003
2015-06-18T00:00:00,2.16302
2015-06-19T00:00:00,2.2298400000000003
2015-06-20T00:00:00,2.1922200000000003
2015-06-21T00:00:00,2.14225
2015-06-22T00:00:00,2.1379
2015-06-23T00:00:00,2.1813599999999997
2015-06-24T00:00:00,2.20091
2015-06-25T00:00:00,2.21395
2015-06-26T00:00:00,2.1857
2015-06-27T00:00:00,2.17267
2015-06-28T00:00:00,2.2269799999999997
2015-06-29T00:00:00,2.20134
2015-06-30T00:00:00,2.1995299999999998
2015-07-01T00:00:00,2.18465
2015-07-02T00:00:00,2.13942
2015-07-03T00:00:00,2.16778
2015-07-04T00:00:00,2.22448
2015-07-05T00:00:00,2.21829
2015-07-06T00:00:00,2.28957
2015-07-07T00:00:00,2.30037
2015-07-08T00:00:00,2.31981
2015-07-09T00:00:00,2.31549
2015-07-10T00:00:00,2.30253
2015-07-11T00:00:00,2.28093
2015-07-12T00:00:00,2.2759099999999997
2015-07-13T00:00:00,2.23253
2015-07-14T00:00:00,2.22326
2015-07-15T00:00:00,2.23454
2015-07-16T00:00:00,2.24017
2015-07-17T00:00:00,2.2248
2015-07-18T00:00:00,2.26891
2015-07-19T00:00:00,2.2800700000000003
2015-07-20T00:00:00,2.2778400000000003
2015-07-21T00:00:00,2.2800700000000003
2015-07-22T00:00:00,2.26444
2015-07-23T00:00:00,2.29347
2015-07-24T00:00:00,2.34707
2015-07-25T00:00:00,2.33948
2015-07-26T00:00:00,2.3355599999999996
2015-07-27T00:00:00,2.36827
2015-07-28T00:00:00,2.3802
2015-07-29T00:00:00,2.3925
2015-07-30T00:00:00,2.3729
2015-07-31T00:00:00,2.31544
2015-08-01T00:00:00,2.34059
2015-08-02T00:00:00,2.38401
2015-08-03T00:00:00,2.36573
2015-08-04T00:00:00,2.3703
2015-08-05T00:00:00,2.31773
2015-08-06T00:00:00,2.32459
2015-08-07T00:00:00,2.33144
2015-08-08T00:00:00,2.31834
2015-08-09T00:00:00,2.27054
2015-08-10T00:00:00,2.33776
2015-08-11T00:00:00,2.3980200000000003
2015-08-12T00:00:00,2.39343
2015-08-13T00:00:00,2.41675
2015-08-14T00:00:00,2.40093
2015-08-15T00:00:00,2.3479400000000004
2015-08-16T00:00:00,2.3755900000000003
2015-08-17T00:00:00,2.30416
2015-08-18T00:00:00,2.2488599999999996
2015-08-19T00:00:00,2.31568
2015-08-20T00:00:00,2.3295
2015-08-21T00:00:00,2.3755900000000003
2015-08-22T00:00:00,2.42978
2015-08-23T00:00:00,2.41606
2015-08-24T00:00:00,2.4567099999999997
2015-08-25T00:00:00,2.44997
2015-08-26T00:00:00,2.46743
2015-08-27T00:00:00,2.46375
2015-08-28T00:00:00,2.46237
2015-08-29T00:00:00,2.49084
2015-08-30T00:00:00,2.5074400000000003
2015-08-31T00:00:00,2.5121900000000004
2015-09-01T00:00:00,2.5454
2015-09-02T00:00:00,2.47332
2015-09-03T00:00:00,2.40971
2015-09-04T00:00:00,2.36255
2015-09-05T00:00:00,2.27542
2015-09-06T00:00:00,2.2542299999999997
2015-09-07T00:00:00,2.1511
2015-09-08T00:00:00,2.07063
2015-09-09T00:00:00,2.05915
2015-09-10T00:00:00,2.10985
2015-09-11T00:00:00,2.15217
2015-09-12T00:00:00,2.12194
2015-09-13T00:00:00,2.08365
2015-09-14T00:00:00,2.13
2015-09-15T00:00:00,2.17836
2015-09-16T00:00:00,2.19448
2015-09-17T00:00:00,2.13806
2015-09-18T00:00:00,2.09174
2015-09-19T00:00:00,2.09478
2015-09-20T00:00:00,2.0645700000000002
2015-09-21T00:00:00,2.02127
2015-09-22T00:00:00,2.02868
2015-09-23T00:00:00,2.04331
2015-09-24T00:00:00,2.06357
2015-09-25T00:00:00,2.1013599999999997
2015-09-26T00:00:00,2.1433400000000002
2015-09-27T00:00:00,2.19373
2015-09-28T00:00:00,2.2084200000000003
2015-09-29T00:00:00,2.2357099999999996
2015-09-30T00:00:00,2.24621
2015-10-01T00:00:00,2.27315
2015-10-02T00:00:00,2.20202
2015-10-03T00:00:00,2.2099599999999997
2015-10-04T00:00:00,2.23255
2015-10-05T00:00:00,2.2591900000000003
2015-10-06T00:00:00,2.21659
2015-10-07T00:00:00,2.18167
2015-10-08T00:00:00,2.14509
2015-10-09T00:00:00,2.1623
2015-10-10T00:00:00,2.15585
2015-10-11T00:00:00,2.1537
2015-10-12T00:00:00,2.1364900000000002
2015-10-13T00:00:00,2.1042099999999997
2015-10-14T00:00:00,2.14079
2015-10-15T00:00:00,2.19714
2015-10-16T00:00:00,2.2448599999999996
2015-10-17T00:00:00,2.20646
2015-10-18T00:00:00,2.19175
2015-10-19T00:00:00,2.24811
2015-10-20T00:00:00,2.23336
2015-10-21T00:00:00,2.21867
2015-10-22T00:00:00,2.20574
2015-10-23T00:00:00,2.20359
2015-10-24T00:00:00,2.2208200000000002
2015-10-25T00:00:00,2.24667
2015-10-26T00:00:00,2.21651
2015-10-27T00:00:00,2.28329
2015-10-28T00:00:00,2.2639
2015-10-29T00:00:00,2.25169
2015-10-30T00:00:00,2.28118
2015-10-31T00:00:00,2.31655
2015-11-01T00:00:00,2.33287
2015-11-02T00:00:00,2.32482
2015-11-03T00:00:00,2.33248
2015-11-04T00:00:00,2.38092
2015-11-05T00:00:00,2.38313
2015-11-06T00:00:00,2.32366
2015-11-07T00:00:00,2.34789
2015-11-08T00:00:00,2.3060400000000003
2015-11-09T00:00:00,2.3104400000000003
2015-11-10T00:00:00,2.2774099999999997
2015-11-11T00:00:00,2.34837
2015-11-12T00:00:00,2.36033
2015-11-13T00:00:00,2.4476400000000003
2015-11-14T00:00:00,2.44274
2015-11-15T00:00:00,2.4721900000000003
2015-11-16T00:00:00,2.55845
2015-11-17T00:00:00,2.61856
2015-11-18T00:00:00,2.5323700000000002
2015-11-19T00:00:00,2.51839
2015-11-20T00:00:00,2.49975
2015-11-21T00:00:00,2.56032
2015-11-22T00:00:00,2.6278799999999998
2015-11-23T00:00:00,2.59061
2015-11-24T00:00:00,2.60661
2015-11-25T00:00:00,2.6766799999999997
2015-11-26T00:00:00,2.7673400000000004
2015-11-27T00:00:00,2.78028
2015-11-28T00:00:00,2.7412400000000003
2015-11-29T00:00:00,2.73982
2015-11-30T00:00:00,2.753
2015-12-01T00:00:00,2.8559200000000002
2015-12-02T00:00:00,2.83791
2015-12-03T00:00:00,2.7916
2015-12-04T00:00:00,2.78388
2015-12-05T00:00:00,2.84048
2015-12-06T00:00:00,2.87908
2015-12-07T00:00:00,2.91573
2015-12-08T00:00:00,2.86671
2015-12-09T00:00:00,2.98385
2015-12-10T00:00:00,3.16188
2015-12-11T00:00:00,3.27599
2015-12-12T00:00:00,3.3111099999999998
2015-12-13T00:00:00,3.28557
2015-12-14T00:00:00,3.3555300000000003
2015-12-15T00:00:00,3.4506900000000003
2015-12-16T00:00:00,3.4255
2015-12-17T00:00:00,3.32195
2015-12-18T00:00:00,3.2799699999999996
2015-12-19T00:00:00,3.3250599999999997
2015-12-20T00:00:00,3.4668099999999997
2015-12-21T00:00:00,3.4834099999999997
2015-12-22T00:00:00,3.40944
2015-12-23T00:00:00,3.4848
2015-12-24T00:00:00,3.5324400000000002
2015-12-25T00:00:00,3.52769
2015-12-26T00:00:00,3.63018
2015-12-27T00:00:00,3.71614
2015-12-28T00:00:00,3.7392800000000004
2015-12-29T00:00:00,3.77565
2015-12-30T00:00:00,3.8021
2015-12-31T00:00:00,3.83872
2016-01-01T00:00:00,3.89185
2016-01-02T00:00:00,3.78041
2016-01-03T00:00:00,3.6833099999999996
2016-01-04T00:00:00,3.79419
2016-01-05T00:00:00,3.89071
2016-01-06T00:00:00,3.8185800000000003
2016-01-07T00:00:00,3.8185800000000003
2016-01-08T00:00:00,3.96559
2016-01-09T00:00:00,4.0464400000000005
2016-01-10T00:00:00,4.12362
2016-01-11T00:00:00,4.10525
2016-01-12T00:00:00,4.15302
2016-01-13T00:00:00,4.26679
2016-01-14T00:00:00,4.26693
2016-01-15T00:00:00,4.11704
2016-01-16T00:00:00,4.09013
2016-01-17T00:00:00,4.0227900000000005
2016-01-18T00:00:00,4.099819999999999
2016-01-19T00:00:00,4.05053
2016-01-20T00:00:00,4.02246
2016-01-21T00:00:00,4.030480000000001
2016-01-22T00:00:00,4.198919999999999
2016-01-23T00:00:00,4.35933
2016-01-24T00:00:00,4.46762
2016-01-25T00:00:00,4.4596
2016-01-26T00:00:00,4.55851
2016-01-27T00:00:00,4.6269800000000005
2016-01-28T00:00:00,4.7181
2016-01-29T00:00:00,4.77832
2016-01-30T00:00:00,4.812130000000001
2016-01-31T00:00:00,4.90656
2016-02-01T00:00:00,4.96018
2016-02-02T00:00:00,4.96018
2016-02-03T00:00:00,5.04511
2016-02-04T00:00:00,5.20224
2016-02-05T00:00:00,5.2447099999999995
2016-02-06T00:00:00,5.3041599999999995
2016-02-07T00:00:00,5.47198
2016-02-08T00:00:00,5.54546
2016-02-09T00:00:00,5.7106900000000005
2016-02-10T00:00:00,5.83345
2016-02-11T00:00:00,6.02677
2016-02-12T00:00:00,6.0730699999999995
2016-02-13T00:00:00,6.04205
2016-02-14T00:00:00,6.03186
2016-02-15T00:00:00,5.96557
2016-02-16T00:00:00,5.8636
2016-02-17T00:00:00,5.715730000000001
2016-02-18T00:00:00,5.65455
2016-02-19T00:00:00,5.64785
2016-02-20T00:00:00,5.78165
2016-02-21T00:00:00,5.59269
2016-02-22T00:00:00,5.5900300000000005
2016-02-23T00:00:00,5.61118
2016-02-24T00:00:00,5.60882
2016-02-25T00:00:00,5.52976
2016-02-26T00:00:00,5.59339
2016-02-27T00:00:00,5.437209999999999
2016-02-28T00:00:00,5.57025
2016-02-29T00:00:00,5.59917
2016-03-01T00:00:00,5.558680000000001
2016-03-02T00:00:00,5.75534
2016-03-03T00:00:00,5.68593
2016-03-04T00:00:00,5.6975
2016-03-05T00:00:00,5.8594599999999994
2016-03-06T00:00:00,5.77671
2016-03-07T00:00:00,5.86463
2016-03-08T00:00:00,5.875319999999999
2016-03-09T00:00:00,5.89203
2016-03-10T00:00:00,6.02514
2016-03-11T00:00:00,6.05956
2016-03-12T00:00:00,5.9526
2016-03-13T00:00:00,5.90776
2016-03-14T00:00:00,5.88534
2016-03-15T00:00:00,5.98623
2016-03-16T00:00:00,6.01426
2016-03-17T00:00:00,5.868530000000001
2016-03-18T00:00:00,5.762919999999999
2016-03-19T00:00:00,5.74063
2016-03-20T00:00:00,5.8905
2016-03-21T00:00:00,5.78189
2016-03-22T00:00:00,5.80234
2016-03-23T00:00:00,5.73361
2016-03-24T00:00:00,5.86106
2016-03-25T00:00:00,5.90205
2016-03-26T00:00:00,5.97231
2016-03-27T00:00:00,5.98402
2016-03-28T00:00:00,6.07771
2016-03-29T00:00:00,6.20067
2016-03-30T00:00:00,6.24751
2016-03-31T00:00:00,6.095269999999999
2016-04-01T00:00:00,6.055
2016-04-02T00:00:00,6.07975
2016-04-03T00:00:00,6.05167
2016-04-04T00:00:00,6.18834
2016-04-05T00:00:00,6.07252
2016-04-06T00:00:00,6.05653
2016-04-07T00:00:00,6.18649
2016-04-08T00:00:00,6.2101
2016-04-09T00:00:00,6.28094
2016-04-10T00:00:00,6.44032
2016-04-11T00:00:00,6.363580000000001
2016-04-12T00:00:00,6.38129
2016-04-13T00:00:00,6.3931
2016-04-14T00:00:00,6.5743
2016-04-15T00:00:00,6.658580000000001
2016-04-16T00:00:00,6.606260000000001
2016-04-17T00:00:00,6.54631
2016-04-18T00:00:00,6.50835
2016-04-19T00:00:00,6.559310000000001
2016-04-20T00:00:00,6.67557
2016-04-21T00:00:00,6.58707
2016-04-22T00:00:00,6.57443
2016-04-23T00:00:00,6.58075
2016-04-24T00:00:00,6.44799
2016-04-25T00:00:00,6.397419999999999
2016-04-26T00:00:00,6.40374
2016-04-27T00:00:00,6.17617
2016-04-28T00:00:00,6.08125
2016-04-29T00:00:00,6.1759699999999995
2016-04-30T00:00:00,6.18851
2016-05-01T00:00:00,6.33381
2016-05-02T00:00:00,6.52335
2016-05-03T00:00:00,6.52324
2016-05-04T00:00:00,6.76967
2016-05-05T00:00:00,6.896089999999999
2016-05-06T00:00:00,6.92137
2016-05-07T00:00:00,6.9466600000000005
2016-05-08T00:00:00,6.9972199999999996
2016-05-09T00:00:00,7.0983600000000004
2016-05-10T00:00:00,7.14261
2016-05-11T00:00:00,6.99476
2016-05-12T00:00:00,6.9639999999999995
2016-05-13T00:00:00,6.984660000000001
2016-05-14T00:00:00,7.02619
2016-05-15T00:00:00,6.95118
2016-05-16T00:00:00,6.82671
2016-05-17T00:00:00,6.79705
2016-05-18T00:00:00,6.9413800000000005
2016-05-19T00:00:00,6.81767
2016-05-20T00:00:00,6.79705
2016-05-21T00:00:00,6.776439999999999
2016-05-22T00:00:00,7.085710000000001
2016-05-23T00:00:00,7.36061
2016-05-24T00:00:00,7.42815
2016-05-25T00:00:00,7.3499300000000005
2016-05-26T00:00:00,7.4844100000000005
2016-05-27T00:00:00,7.44055
2016-05-28T00:00:00,7.40936
2016-05-29T00:00:00,7.18138
2016-05-30T00:00:00,6.959910000000001
2016-05-31T00:00:00,6.81888
2016-06-01T00:00:00,6.8541300000000005
2016-06-02T00:00:00,6.606039999999999
2016-06-03T00:00:00,6.36465
2016-06-04T00:00:00,6.04592
2016-06-05T00:00:00,5.89899
2016-06-06T00:00:00,5.7609699999999995
2016-06-07T00:00:00,5.60421
2016-06-08T00:00:00,5.32575
2016-06-09T00:00:00,5.45222
2016-06-10T00:00:00,5.45041
2016-06-11T00:00:00,5.62967
2016-06-12T00:00:00,5.48722
2016-06-13T00:00:00,5.42673
2016-06-14T00:00:00,5.36862
2016-06-15T00:00:00,5.4198
2016-06-16T00:00:00,5.33791
2016-06-17T00:00:00,5.3635
2016-06-18T00:00:00,5.3788599999999995
2016-06-19T00:00:00,5.53751
2016-06-20T00:00:00,5.55286
2016-06-21T00:00:00,5.6868300000000005
2016-06-22T00:00:00,5.60398
2016-06-23T00:00:00,5.60686
2016-06-24T00:00:00,5.55507
2016-06-25T00:00:00,5.6489199999999995
2016-06-26T00:00:00,5.5467699999999995
2016-06-27T00:00:00,5.51115
2016-06-28T00:00:00,5.51115
2016-06-29T00:00:00,5.6041
2016-06-30T00:00:00,5.65877
2016-07-01T00:00:00,5.80639
2016-07-02T00:00:00,5.71345
2016-07-03T00:00:00,5.75172
2016-07-04T00:00:00,5.78914
2016-07-05T00:00:00,5.78221
2016-07-06T00:00:00,5.76382
2016-07-07T00:00:00,5.71243
2016-07-08T00:00:00,5.66175
2016-07-09T00:00:00,5.6771
2016-07-10T00:00:00,5.7041
2016-07-11T00:00:00,5.65954
2016-07-12T00:00:00,5.6484
2016-07-13T00:00:00,5.59269
2016-07-14T00:00:00,5.61498
2016-07-15T00:00:00,5.55927
2016-07-16T00:00:00,5.60384
2016-07-17T00:00:00,5.56484
2016-07-18T00:00:00,5.59863
2016-07-19T00:00:00,5.51538
2016-07-20T00:00:00,5.62716
2016-07-21T00:00:00,5.3903
2016-07-22T00:00:00,5.17577
2016-07-23T00:00:00,4.84703
2016-07-24T00:00:00,4.542009999999999
2016-07-25T00:00:00,4.26163
2016-07-26T00:00:00,4.08579
2016-07-27T00:00:00,3.7831699999999997
2016-07-28T00:00:00,3.7998300000000005
2016-07-29T00:00:00,3.87483
2016-07-30T00:00:00,3.8248300000000004
2016-07-31T00:00:00,3.94149
2016-08-01T00:00:00,4.02899
2016-08-02T00:00:00,4.1022300000000005
2016-08-03T00:00:00,4.23086
2016-08-04T00:00:00,4.2628900000000005
2016-08-05T00:00:00,4.3163
2016-08-06T00:00:00,4.47848
2016-08-07T00:00:00,4.419980000000001
2016-08-08T00:00:00,4.3695900000000005
2016-08-09T00:00:00,4.25138
2016-08-10T00:00:00,4.18834
2016-08-11T00:00:00,4.17652
2016-08-12T00:00:00,4.09772
2016-08-13T00:00:00,4.0859
2016-08-14T00:00:00,4.1489400000000005
2016-08-15T00:00:00,4.18123
2016-08-16T00:00:00,4.26567
2016-08-17T00:00:00,4.1885699999999995
2016-08-18T00:00:00,4.250859999999999
2016-08-19T00:00:00,4.31709
2016-08-20T00:00:00,4.33271
2016-08-21T00:00:00,4.378019999999999
2016-08-22T00:00:00,4.43317
2016-08-23T00:00:00,4.479830000000001
2016-08-24T00:00:00,4.6071
2016-08-25T00:00:00,4.50528
2016-08-26T00:00:00,4.41195
2016-08-27T00:00:00,4.36105
2016-08-28T00:00:00,4.31438
2016-08-29T00:00:00,4.28179
2016-08-30T00:00:00,4.36904
2016-08-31T00:00:00,4.30158
2016-09-01T00:00:00,4.35755
2016-09-02T00:00:00,4.45673
2016-09-03T00:00:00,4.38868
2016-09-04T00:00:00,4.51503
2016-09-05T00:00:00,4.47626
2016-09-06T00:00:00,4.351319999999999
2016-09-07T00:00:00,4.42456
2016-09-08T00:00:00,4.43748
2016-09-09T00:00:00,4.3944
2016-09-10T00:00:00,4.519340000000001
2016-09-11T00:00:00,4.45472
2016-09-12T00:00:00,4.56995
2016-09-13T00:00:00,4.71565
2016-09-14T00:00:00,4.74834
2016-09-15T00:00:00,4.80668
2016-09-16T00:00:00,4.8076300000000005
2016-09-17T00:00:00,4.85824
2016-09-18T00:00:00,4.79075
2016-09-19T00:00:00,4.658530000000001
2016-09-20T00:00:00,4.60124
2016-09-21T00:00:00,4.64531
2016-09-22T00:00:00,4.588019999999999
2016-09-23T00:00:00,4.57039
2016-09-24T00:00:00,4.588019999999999
2016-09-25T00:00:00,4.8246
2016-09-26T00:00:00,4.95871
2016-09-27T00:00:00,5.08
2016-09-28T00:00:00,5.04513
2016-09-29T00:00:00,5.09691
2016-09-30T00:00:00,5.16601
2016-10-01T00:00:00,5.16911
2016-10-02T00:00:00,4.95726
2016-10-03T00:00:00,4.95255
2016-10-04T00:00:00,4.90077
2016-10-05T00:00:00,4.99021
2016-10-06T00:00:00,5.07495
2016-10-07T00:00:00,5.08437
2016-10-08T00:00:00,5.19791
2016-10-09T00:00:00,5.34136
2016-10-10T00:00:00,5.2564400000000004
2016-10-11T00:00:00,5.21391
2016-10-12T00:00:00,5.15929
2016-10-13T00:00:00,5.04713
2016-10-14T00:00:00,5.05538
2016-10-15T00:00:00,4.91915
2016-10-16T00:00:00,4.7678
2016-10-17T00:00:00,4.7678
2016-10-18T00:00:00,4.84852
2016-10-19T00:00:00,4.75266
2016-10-20T00:00:00,4.78293
2016-10-21T00:00:00,4.9242
2016-10-22T00:00:00,4.94526
2016-10-23T00:00:00,5.00211
2016-10-24T00:00:00,5.07923
2016-10-25T00:00:00,4.9852099999999995
2016-10-26T00:00:00,5.03749
2016-10-27T00:00:00,5.16325
2016-10-28T00:00:00,5.08816
2016-10-29T00:00:00,5.08816
2016-10-30T00:00:00,5.2119
2016-10-31T00:00:00,5.2317
2016-11-01T00:00:00,5.2564400000000004
2016-11-02T00:00:00,5.22675
2016-11-03T00:00:00,5.19705
2016-11-04T00:00:00,5.01887
2016-11-05T00:00:00,5.021780000000001
2016-11-06T00:00:00,4.95055
2016-11-07T00:00:00,4.94845
2016-11-08T00:00:00,5.0755
2016-11-09T00:00:00,5.14766
2016-11-10T00:00:00,5.21034
2016-11-11T00:00:00,5.44616
2016-11-12T00:00:00,5.54057
2016-11-13T00:00:00,5.48591
2016-11-14T00:00:00,5.61511
2016-11-15T00:00:00,5.55051
2016-11-16T00:00:00,5.67474
2016-11-17T00:00:00,5.63002
2016-11-18T00:00:00,5.63399
2016-11-19T00:00:00,5.58012
2016-11-20T00:00:00,5.5789800000000005
2016-11-21T00:00:00,5.49423
2016-11-22T00:00:00,5.45599
2016-11-23T00:00:00,5.40974
2016-11-24T00:00:00,5.52158
2016-11-25T00:00:00,5.54358
2016-11-26T00:00:00,5.60957
2016-11-27T00:00:00,5.69206
2016-11-28T00:00:00,5.82405
2016-11-29T00:00:00,5.91755
2016-11-30T00:00:00,5.89005
2016-12-01T00:00:00,5.79106
2016-12-02T00:00:00,5.76101
2016-12-03T00:00:00,5.87667
2016-12-04T00:00:00,5.91301
2016-12-05T00:00:00,5.86174
2016-12-06T00:00:00,5.87078
2016-12-07T00:00:00,6.06922
2016-12-08T00:00:00,6.1449300000000004
2016-12-09T00:00:00,6.0945599999999995
2016-12-10T00:00:00,5.8707
2016-12-11T00:00:00,6.0945599999999995
2016-12-12T00:00:00,6.1169400000000005
2016-12-13T00:00:00,6.27365
2016-12-14T00:00:00,6.07217
2016-12-15T00:00:00,5.96225
2016-12-16T00:00:00,6.01176
2016-12-17T00:00:00,6.1507
2016-12-18T00:00:00,5.95202
2016-12-19T00:00:00,5.99901
2016-12-20T00:00:00,5.83814
2016-12-21T00:00:00,6.02265
2016-12-22T00:00:00,6.21634
2016-12-23T00:00:00,6.33134
2016-12-24T00:00:00,6.28292
2016-12-25T00:00:00,6.4403
2016-12-26T00:00:00,6.37977
2016-12-27T00:00:00,6.48872
2016-12-28T00:00:00,6.5431
2016-12-29T00:00:00,6.510680000000001
2016-12-30T00:00:00,6.564030000000001
2016-12-31T00:00:00,6.6523699999999995
2017-01-01T00:00:00,6.60873
2017-01-02T00:00:00,6.741210000000001
2017-01-03T00:00:00,6.81375
2017-01-04T00:00:00,6.75175
2017-01-05T00:00:00,6.68975
2017-01-06T00:00:00,6.71455
2017-01-07T00:00:00,6.65875
2017-01-08T00:00:00,6.72695
2017-01-09T00:00:00,6.57815
2017-01-10T00:00:00,6.613339999999999
2017-01-11T00:00:00,6.6645
2017-01-12T00:00:00,6.9339699999999995
2017-01-13T00:00:00,6.92858
2017-01-14T00:00:00,7.19767
2017-01-15T00:00:00,7.260280000000001
2017-01-16T00:00:00,7.528239999999999
2017-01-17T00:00:00,7.51509
2017-01-18T00:00:00,7.501939999999999
2017-01-19T00:00:00,7.50852
2017-01-20T00:00:00,7.758360000000001
2017-01-21T00:00:00,7.817539999999999
2017-01-22T00:00:00,8.053939999999999
2017-01-23T00:00:00,8.00877
2017-01-24T00:00:00,8.11262
2017-01-25T00:00:00,8.27017
2017-01-26T00:00:00,8.330169999999999
2017-01-27T00:00:00,8.39125
2017-01-28T00:00:00,8.36689
2017-01-29T00:00:00,8.3132
2017-01-30T00:00:00,8.36689
2017-01-31T00:00:00,8.336210000000001
2017-02-01T00:00:00,8.65831
2017-02-02T00:00:00,8.394260000000001
2017-02-03T00:00:00,7.98263
2017-02-04T00:00:00,7.7496100000000006
2017-02-05T00:00:00,7.4916100000000005
2017-02-06T00:00:00,7.175960000000001
2017-02-07T00:00:00,7.03522
2017-02-08T00:00:00,6.501869999999999
2017-02-09T00:00:00,6.6489199999999995
2017-02-10T00:00:00,6.70879
2017-02-11T00:00:00,6.6702
2017-02-12T00:00:00,6.5544199999999995
2017-02-13T00:00:00,6.79885
2017-02-14T00:00:00,6.914630000000001
2017-02-15T00:00:00,6.8696
2017-02-16T00:00:00,6.76025
2017-02-17T00:00:00,6.77955
2017-02-18T00:00:00,6.9062600000000005
2017-02-19T00:00:00,6.89923
2017-02-20T00:00:00,6.844710000000001
2017-02-21T00:00:00,6.6844399999999995
2017-02-22T00:00:00,6.72385
2017-02-23T00:00:00,6.75352
2017-02-24T00:00:00,6.897069999999999
2017-02-25T00:00:00,6.9978
2017-02-26T00:00:00,7.2933
2017-02-27T00:00:00,7.266430000000001
2017-02-28T00:00:00,7.36717
2017-03-01T00:00:00,7.40075
2017-03-02T00:00:00,7.447760000000001
2017-03-03T00:00:00,7.39301
2017-03-04T00:00:00,7.2122
2017-03-05T00:00:00,7.048780000000001
2017-03-06T00:00:00,7.0786
2017-03-07T00:00:00,7.1252
2017-03-08T00:00:00,7.155010000000001
2017-03-09T00:00:00,7.13965
2017-03-10T00:00:00,7.17475
2017-03-11T00:00:00,7.28005
2017-03-12T00:00:00,7.33622
2017-03-13T00:00:00,7.35728
2017-03-14T00:00:00,7.37834
2017-03-15T00:00:00,7.37834
2017-03-16T00:00:00,7.41344
2017-03-17T00:00:00,7.4344399999999995
2017-03-18T00:00:00,7.526330000000001
2017-03-19T00:00:00,7.64133
2017-03-20T00:00:00,7.6091
2017-03-21T00:00:00,7.543130000000001
2017-03-22T00:00:00,7.71315
2017-03-23T00:00:00,7.71173
2017-03-24T00:00:00,7.871180000000001
2017-03-25T00:00:00,7.69723
2017-03-26T00:00:00,7.69723
2017-03-27T00:00:00,7.420139999999999
2017-03-28T00:00:00,7.2230300000000005
2017-03-29T00:00:00,6.79695
2017-03-30T00:00:00,6.648960000000001
2017-03-31T00:00:00,6.13451
2017-04-01T00:00:00,5.91481
2017-04-02T00:00:00,5.56731
2017-04-03T00:00:00,5.81182
2017-04-04T00:00:00,5.65667
2017-04-05T00:00:00,5.79315
2017-04-06T00:00:00,5.664540000000001
2017-04-07T00:00:00,5.78067
2017-04-08T00:00:00,5.77833
2017-04-09T00:00:00,5.78374
2017-04-10T00:00:00,5.85536
2017-04-11T00:00:00,6.33472
2017-04-12T00:00:00,6.4406099999999995
2017-04-13T00:00:00,6.56113
2017-04-14T00:00:00,6.68703
2017-04-15T00:00:00,7.03493
2017-04-16T00:00:00,7.2276
2017-04-17T00:00:00,7.19885
2017-04-18T00:00:00,7.09629
2017-04-19T00:00:00,7.145169999999999
2017-04-20T00:00:00,7.2317800000000005
2017-04-21T00:00:00,7.433860000000001
2017-04-22T00:00:00,7.390560000000001
2017-04-23T00:00:00,7.44108
2017-04-24T00:00:00,7.340039999999999
2017-04-25T00:00:00,7.35447
2017-04-26T00:00:00,7.42665
2017-04-27T00:00:00,7.48676
2017-04-28T00:00:00,7.265219999999999
2017-04-29T00:00:00,7.4701
2017-04-30T00:00:00,7.4581
2017-05-01T00:00:00,7.64818
2017-05-02T00:00:00,7.7229
2017-05-03T00:00:00,7.5734699999999995
2017-05-04T00:00:00,7.72538
2017-05-05T00:00:00,7.674739999999999
2017-05-06T00:00:00,7.63857
2017-05-07T00:00:00,7.75431
2017-05-08T00:00:00,7.9713199999999995
2017-05-09T00:00:00,7.9496199999999995
2017-05-10T00:00:00,8.14328
2017-05-11T00:00:00,7.97566
2017-05-12T00:00:00,8.237589999999999
2017-05-13T00:00:00,8.24845
2017-05-14T00:00:00,8.3131
2017-05-15T00:00:00,8.33028
2017-05-16T00:00:00,8.233410000000001
2017-05-17T00:00:00,8.28773
2017-05-18T00:00:00,8.34205
2017-05-19T00:00:00,8.41965
2017-05-20T00:00:00,8.8702
2017-05-21T00:00:00,9.091280000000001
2017-05-22T00:00:00,9.25563
2017-05-23T00:00:00,10.048
2017-05-24T00:00:00,10.5105
2017-05-25T00:00:00,11.1713
2017-05-26T00:00:00,11.5531
2017-05-27T00:00:00,11.6932
2017-05-28T00:00:00,11.9837
2017-05-29T00:00:00,12.1331
2017-05-30T00:00:00,12.252
2017-05-31T00:00:00,12.3601
2017-06-01T00:00:00,12.4358
2017-06-02T00:00:00,12.3601
2017-06-03T00:00:00,12.6197
2017-06-04T00:00:00,12.8184
2017-06-05T00:00:00,13.2055
2017-06-06T00:00:00,13.1297
2017-06-07T00:00:00,13.3886
2017-06-08T00:00:00,13.5825
2017-06-09T00:00:00,13.8636
2017-06-10T00:00:00,13.524000000000001
2017-06-11T00:00:00,13.3393
2017-06-12T00:00:00,13.1299
2017-06-13T00:00:00,13.0067
2017-06-14T00:00:00,12.6988
2017-06-15T00:00:00,12.550999999999998
2017-06-16T00:00:00,12.5141
2017-06-17T00:00:00,12.65
2017-06-18T00:00:00,12.7243
2017-06-19T00:00:00,12.8639
2017-06-20T00:00:00,12.9094
2017-06-21T00:00:00,12.9931
2017-06-22T00:00:00,12.9037
2017-06-23T00:00:00,13.1471
2017-06-24T00:00:00,13.1601
2017-06-25T00:00:00,12.863
2017-06-26T00:00:00,12.7468
2017-06-27T00:00:00,12.6564
2017-06-28T00:00:00,12.8759
2017-06-29T00:00:00,12.6305
2017-06-30T00:00:00,12.5531
2017-07-01T00:00:00,12.7855
2017-07-02T00:00:00,13.477
2017-07-03T00:00:00,13.6931
2017-07-04T00:00:00,13.8463
2017-07-05T00:00:00,13.6155
2017-07-06T00:00:00,13.7781
2017-07-07T00:00:00,13.5739
2017-07-08T00:00:00,13.4456
2017-07-09T00:00:00,12.8427
2017-07-10T00:00:00,13.1683
2017-07-11T00:00:00,13.4095
2017-07-12T00:00:00,13.7471
2017-07-13T00:00:00,13.927999999999999
2017-07-14T00:00:00,14.0462
2017-07-15T00:00:00,13.7951
2017-07-16T00:00:00,13.8462
2017-07-17T00:00:00,13.0279
2017-07-18T00:00:00,12.6779
2017-07-19T00:00:00,12.1113
2017-07-20T00:00:00,11.9227
2017-07-21T00:00:00,11.6402
2017-07-22T00:00:00,11.5852
2017-07-23T00:00:00,11.6799
2017-07-24T00:00:00,11.9955
2017-07-25T00:00:00,11.8167
2017-07-26T00:00:00,11.7956
2017-07-27T00:00:00,11.8236
2017-07-28T00:00:00,11.8908
2017-07-29T00:00:00,11.9736
2017-07-30T00:00:00,11.8176
2017-07-31T00:00:00,11.575999999999999
2017-08-01T00:00:00,11.6951
2017-08-02T00:00:00,11.8002
2017-08-03T00:00:00,11.5674
2017-08-04T00:00:00,11.8251
2017-08-05T00:00:00,11.9824
2017-08-06T00:00:00,11.85
2017-08-07T00:00:00,11.8814
2017-08-08T00:00:00,11.9874
2017-08-09T00:00:00,11.9451
2017-08-10T00:00:00,12.0083
2017-08-11T00:00:00,12.2238
2017-08-12T00:00:00,12.325999999999999
2017-08-13T00:00:00,13.0254
2017-08-14T00:00:00,13.3134
2017-08-15T00:00:00,13.8119
2017-08-16T00:00:00,14.1531
2017-08-17T00:00:00,15.2762
2017-08-18T00:00:00,15.3512
2017-08-19T00:00:00,15.5913
2017-08-20T00:00:00,15.3212
2017-08-21T00:00:00,15.0961
2017-08-22T00:00:00,14.1508
2017-08-23T00:00:00,14.5859
2017-08-24T00:00:00,13.3579
2017-08-25T00:00:00,12.58
2017-08-26T00:00:00,11.8299
2017-08-27T00:00:00,12.1167
2017-08-28T00:00:00,12.2533
2017-08-29T00:00:00,13.0688
2017-08-30T00:00:00,13.1081
2017-08-31T00:00:00,14.0031
2017-09-01T00:00:00,15.057
2017-09-02T00:00:00,15.7102
2017-09-03T00:00:00,15.5094
2017-09-04T00:00:00,15.9616
2017-09-05T00:00:00,16.4161
2017-09-06T00:00:00,16.2167
2017-09-07T00:00:00,16.2819
2017-09-08T00:00:00,16.1746
2017-09-09T00:00:00,16.3277
2017-09-10T00:00:00,16.1871
2017-09-11T00:00:00,16.2634
2017-09-12T00:00:00,16.2411
2017-09-13T00:00:00,16.6258
2017-09-14T00:00:00,16.5983
2017-09-15T00:00:00,16.667
2017-09-16T00:00:00,16.667
2017-09-17T00:00:00,17.1891
2017-09-18T00:00:00,16.885
2017-09-19T00:00:00,16.8651
2017-09-20T00:00:00,16.1768
2017-09-21T00:00:00,16.6778
2017-09-22T00:00:00,16.4884
2017-09-23T00:00:00,16.8938
2017-09-24T00:00:00,16.858
2017-09-25T00:00:00,16.8251
2017-09-26T00:00:00,16.5294
2017-09-27T00:00:00,17.0223
2017-09-28T00:00:00,17.0387
2017-09-29T00:00:00,17.5316
2017-09-30T00:00:00,17.0716
2017-10-01T00:00:00,16.8251
2017-10-02T00:00:00,17.2816
2017-10-03T00:00:00,18.0767
2017-10-04T00:00:00,17.904
2017-10-05T00:00:00,17.0877
2017-10-06T00:00:00,16.9718
2017-10-07T00:00:00,17.3486
2017-10-08T00:00:00,18.2584
2017-10-09T00:00:00,18.4425
2017-10-10T00:00:00,18.0576
2017-10-11T00:00:00,18.1413
2017-10-12T00:00:00,18.6099
2017-10-13T00:00:00,18.2249
2017-10-14T00:00:00,17.9404
2017-10-15T00:00:00,18.3698
2017-10-16T00:00:00,18.7763
2017-10-17T00:00:00,19.0213
2017-10-18T00:00:00,19.3861
2017-10-19T00:00:00,19.9978
2017-10-20T00:00:00,20.9119
2017-10-21T00:00:00,21.2788
2017-10-22T00:00:00,21.0472
2017-10-23T00:00:00,20.9937
2017-10-24T00:00:00,21.0472
2017-10-25T00:00:00,21.6531
2017-10-26T00:00:00,22.375
2017-10-27T00:00:00,21.435
2017-10-28T00:00:00,20.5472
2017-10-29T00:00:00,20.6354
2017-10-30T00:00:00,20.7681
2017-10-31T00:00:00,20.7775
2017-11-01T00:00:00,19.8386
2017-11-02T00:00:00,19.0623
2017-11-03T00:00:00,19.2858
2017-11-04T00:00:00,20.1489
2017-11-05T00:00:00,19.748
2017-11-06T00:00:00,19.3322
2017-11-07T00:00:00,19.5892
2017-11-08T00:00:00,20.2242
2017-11-09T00:00:00,20.2865
2017-11-10T00:00:00,20.1555
2017-11-11T00:00:00,19.015
2017-11-12T00:00:00,17.6459
2017-11-13T00:00:00,17.6143
2017-11-14T00:00:00,16.8704
2017-11-15T00:00:00,16.8444
2017-11-16T00:00:00,16.6314
2017-11-17T00:00:00,17.5488
2017-11-18T00:00:00,18.642
2017-11-19T00:00:00,20.2036
2017-11-20T00:00:00,20.8868
2017-11-21T00:00:00,21.7653
2017-11-22T00:00:00,21.1992
2017-11-23T00:00:00,21.2968
2017-11-24T00:00:00,20.9083
2017-11-25T00:00:00,21.2598
2017-11-26T00:00:00,21.085
2017-11-27T00:00:00,20.945
2017-11-28T00:00:00,20.5743
2017-11-29T00:00:00,21.5072
2017-11-30T00:00:00,21.6608
2017-12-01T00:00:00,22.316
2017-12-02T00:00:00,22.3352
2017-12-03T00:00:00,22.6941
2017-12-04T00:00:00,22.8194
2017-12-05T00:00:00,23.158
2017-12-06T00:00:00,23.9967
2017-12-07T00:00:00,24.1298
2017-12-08T00:00:00,24.0655
2017-12-09T00:00:00,24.9019
2017-12-10T00:00:00,25.2344
2017-12-11T00:00:00,25.6283
2017-12-12T00:00:00,25.7457
2017-12-13T00:00:00,25.7013
2017-12-14T00:00:00,26.4559
2017-12-15T00:00:00,26.7444
2017-12-16T00:00:00,26.6779
2017-12-17T00:00:00,27.1439
2017-12-18T00:00:00,28.1046
2017-12-19T00:00:00,28.3007
2017-12-20T00:00:00,27.7264
2017-12-21T00:00:00,27.0698
2017-12-22T00:00:00,27.3693
2017-12-23T00:00:00,27.2064
2017-12-24T00:00:00,27.0724
2017-12-25T00:00:00,25.8442
2017-12-26T00:00:00,25.8964
2017-12-27T00:00:00,26.4191
2017-12-28T00:00:00,26.8633
2017-12-29T00:00:00,27.1246
2017-12-30T00:00:00,27.3337
2017-12-31T00:00:00,27.6211
2018-01-01T00:00:00,28.2962
2018-01-02T00:00:00,28.8367
2018-01-03T00:00:00,28.6633
2018-01-04T00:00:00,28.9463
2018-01-05T00:00:00,28.1896
2018-01-06T00:00:00,28.5249
2018-01-07T00:00:00,28.2928
2018-01-08T00:00:00,28.2169
2018-01-09T00:00:00,28.0428
2018-01-10T00:00:00,28.2666
2018-01-11T00:00:00,28.8881
2018-01-12T00:00:00,29.7582
2018-01-13T00:00:00,29.855
2018-01-14T00:00:00,30.2731
2018-01-15T00:00:00,30.4482
2018-01-16T00:00:00,30.9313
2018-01-17T00:00:00,31.594
2018-01-18T00:00:00,31.7576
2018-01-19T00:00:00,32.0647
2018-01-20T00:00:00,32.8964
2018-01-21T00:00:00,33.8142
2018-01-22T00:00:00,34.3018
2018-01-23T00:00:00,34.818000000000005
2018-01-24T00:00:00,35.0762
2018-01-25T00:00:00,35.4092
2018-01-26T00:00:00,35.8711
2018-01-27T00:00:00,36.0272
2018-01-28T00:00:00,35.9587
2018-01-29T00:00:00,36.1287
2018-01-30T00:00:00,36.6486
2018-01-31T00:00:00,35.5216
2018-02-01T00:00:00,35.5887
2018-02-02T00:00:00,35.7793
2018-02-03T00:00:00,35.5824
2018-02-04T00:00:00,35.993
2018-02-05T00:00:00,36.9631
2018-02-06T00:00:00,37.3842
2018-02-07T00:00:00,38.4544
2018-02-08T00:00:00,37.7296
2018-02-09T00:00:00,36.3816
2018-02-10T00:00:00,35.5933
2018-02-11T00:00:00,34.4031
2018-02-12T00:00:00,33.4372
2018-02-13T00:00:00,32.3237
2018-02-14T00:00:00,32.6852
2018-02-15T00:00:00,31.9654
2018-02-16T00:00:00,32.6232
2018-02-17T00:00:00,32.8026
2018-02-18T00:00:00,33.1316
2018-02-19T00:00:00,33.012
2018-02-20T00:00:00,32.5189
2018-02-21T00:00:00,32.4531
2018-02-22T00:00:00,33.196999999999996
2018-02-23T00:00:00,33.1322
2018-02-24T00:00:00,33.2128
2018-02-25T00:00:00,33.718
2018-02-26T00:00:00,33.2847
2018-02-27T00:00:00,33.879
2018-02-28T00:00:00,33.4411
2018-03-01T00:00:00,33.9416
2018-03-02T00:00:00,34.3555
2018-03-03T00:00:00,35.6393
2018-03-04T00:00:00,35.0751
2018-03-05T00:00:00,35.9354
2018-03-06T00:00:00,36.449
2018-03-07T00:00:00,37.1543
2018-03-08T00:00:00,37.7237
2018-03-09T00:00:00,37.8449
2018-03-10T00:00:00,36.9779
2018-03-11T00:00:00,37.6055
2018-03-12T00:00:00,38.03
2018-03-13T00:00:00,38.1007
2018-03-14T00:00:00,37.6408
2018-03-15T00:00:00,37.0041
2018-03-16T00:00:00,37.3578
2018-03-17T00:00:00,37.6762
2018-03-18T00:00:00,37.8846
2018-03-19T00:00:00,37.9588
2018-03-20T00:00:00,37.0969
2018-03-21T00:00:00,37.6609
2018-03-22T00:00:00,37.8898
2018-03-23T00:00:00,37.321999999999996
2018-03-24T00:00:00,37.858000000000004
2018-03-25T00:00:00,37.2624
2018-03-26T00:00:00,37.0763
2018-03-27T00:00:00,38.0069
2018-03-28T00:00:00,37.3741
2018-03-29T00:00:00,37.1292
2018-03-30T00:00:00,37.5907
2018-03-31T00:00:00,36.06
2018-04-01T00:00:00,36.5229
2018-04-02T00:00:00,36.0775
2018-04-03T00:00:00,35.7882
2018-04-04T00:00:00,35.6047
2018-04-05T00:00:00,35.6648
2018-04-06T00:00:00,34.7978
2018-04-07T00:00:00,36.4503
2018-04-08T00:00:00,36.2651
2018-04-09T00:00:00,35.9686
2018-04-10T00:00:00,36.0016
2018-04-11T00:00:00,36.4627
2018-04-12T00:00:00,36.3968
2018-04-13T00:00:00,37.2862
2018-04-14T00:00:00,36.2917
2018-04-15T00:00:00,36.8595
2018-04-16T00:00:00,37.0961
2018-04-17T00:00:00,37.5291
2018-04-18T00:00:00,37.9889
2018-04-19T00:00:00,39.3275
2018-04-20T00:00:00,38.8272
2018-04-21T00:00:00,39.6195
2018-04-22T00:00:00,39.5115
2018-04-23T00:00:00,39.9437
2018-04-24T00:00:00,39.8356
2018-04-25T00:00:00,38.503
2018-04-26T00:00:00,37.1703
2018-04-27T00:00:00,37.5939
2018-04-28T00:00:00,36.6967
2018-04-29T00:00:00,36.8956
2018-04-30T00:00:00,37.2333
2018-05-01T00:00:00,37.4682
2018-05-02T00:00:00,37.9399
2018-05-03T00:00:00,38.1484
2018-05-04T00:00:00,37.6223
2018-05-05T00:00:00,38.4298
2018-05-06T00:00:00,37.265
2018-05-07T00:00:00,36.6685
2018-05-08T00:00:00,35.5737
2018-05-09T00:00:00,36.274
2018-05-10T00:00:00,36.379
2018-05-11T00:00:00,36.1286
2018-05-12T00:00:00,36.4436
2018-05-13T00:00:00,36.9857
2018-05-14T00:00:00,36.4954
2018-05-15T00:00:00,36.8954
2018-05-16T00:00:00,37.7504
2018-05-17T00:00:00,37.1201
2018-05-18T00:00:00,37.8777
2018-05-19T00:00:00,37.4809
2018-05-20T00:00:00,37.3366
2018-05-21T00:00:00,38.2384
2018-05-22T00:00:00,38.4188
2018-05-23T00:00:00,37.8055
2018-05-24T00:00:00,38.4053
2018-05-25T00:00:00,39.6653
2018-05-26T00:00:00,40.1838
2018-05-27T00:00:00,41.1381
2018-05-28T00:00:00,41.3235
2018-05-29T00:00:00,41.0879
2018-05-30T00:00:00,41.7678
2018-05-31T00:00:00,42.7802
2018-06-01T00:00:00,42.4052
2018-06-02T00:00:00,42.0303
2018-06-03T00:00:00,41.9928
2018-06-04T00:00:00,43.0051
2018-06-05T00:00:00,45.3204
2018-06-06T00:00:00,45.1191
2018-06-07T00:00:00,44.8957
2018-06-08T00:00:00,44.9083
2018-06-09T00:00:00,45.3598
2018-06-10T00:00:00,44.7107
2018-06-11T00:00:00,43.8708
2018-06-12T00:00:00,42.5805
2018-06-13T00:00:00,42.4085
2018-06-14T00:00:00,42.8386
2018-06-15T00:00:00,43.1827
2018-06-16T00:00:00,44.1719
2018-06-17T00:00:00,45.4622
2018-06-18T00:00:00,46.4945
2018-06-19T00:00:00,47.1092
2018-06-20T00:00:00,47.8099
2018-06-21T00:00:00,48.7435
2018-06-22T00:00:00,48.8373
2018-06-23T00:00:00,48.7698
2018-06-24T00:00:00,49.5756
2018-06-25T00:00:00,49.4615
2018-06-26T00:00:00,48.8168
2018-06-27T00:00:00,47.1094
2018-06-28T00:00:00,46.2694
2018-06-29T00:00:00,46.0141
2018-06-30T00:00:00,44.9359
2018-07-01T00:00:00,43.6265
2018-07-02T00:00:00,42.881
2018-07-03T00:00:00,41.7702
2018-07-04T00:00:00,42.3001
2018-07-05T00:00:00,41.1967
2018-07-06T00:00:00,41.2835
2018-07-07T00:00:00,41.6327
2018-07-08T00:00:00,41.8082
2018-07-09T00:00:00,41.1442
2018-07-10T00:00:00,42.107
2018-07-11T00:00:00,41.9227
2018-07-12T00:00:00,42.0853
2018-07-13T00:00:00,41.3941
2018-07-14T00:00:00,40.4589
2018-07-15T00:00:00,39.4423
2018-07-16T00:00:00,38.7917
2018-07-17T00:00:00,38.9753
2018-07-18T00:00:00,40.5992
2018-07-19T00:00:00,42.1187
2018-07-20T00:00:00,42.8358
2018-07-21T00:00:00,43.2385
2018-07-22T00:00:00,45.5499
2018-07-23T00:00:00,47.7112
2018-07-24T00:00:00,48.4672
2018-07-25T00:00:00,49.1445
2018-07-26T00:00:00,49.153999999999996
2018-07-27T00:00:00,49.9726
2018-07-28T00:00:00,50.5439
2018-07-29T00:00:00,51.4205
2018-07-30T00:00:00,51.1555
2018-07-31T00:00:00,51.5903
2018-08-01T00:00:00,51.3845
2018-08-02T00:00:00,51.6315
2018-08-03T00:00:00,52.4285
2018-08-04T00:00:00,54.6846
2018-08-05T00:00:00,53.9414
2018-08-06T00:00:00,53.5953
2018-08-07T00:00:00,53.5733
2018-08-08T00:00:00,53.6942
2018-08-09T00:00:00,53.2477
2018-08-10T00:00:00,53.4429
2018-08-11T00:00:00,52.8588
2018-08-12T00:00:00,52.3493
2018-08-13T00:00:00,53.0263
2018-08-14T00:00:00,52.0584
2018-08-15T00:00:00,51.9805
2018-08-16T00:00:00,52.4033
2018-08-17T00:00:00,51.2619
2018-08-18T00:00:00,50.7882
2018-08-19T00:00:00,50.3144
2018-08-20T00:00:00,50.3144
2018-08-21T00:00:00,50.8829
2018-08-22T00:00:00,50.8356
2018-08-23T00:00:00,50.4092
2018-08-24T00:00:00,50.4907
2018-08-25T00:00:00,49.6445
2018-08-26T00:00:00,51.4046
2018-08-27T00:00:00,53.5263
2018-08-28T00:00:00,54.1465
2018-08-29T00:00:00,53.4999
2018-08-30T00:00:00,54.1227
2018-08-31T00:00:00,54.5716
2018-09-01T00:00:00,55.3697
2018-09-02T00:00:00,53.6678
2018-09-03T00:00:00,51.3672
2018-09-04T00:00:00,49.7969
2018-09-05T00:00:00,49.2136
2018-09-06T00:00:00,48.7481
2018-09-07T00:00:00,48.6462
2018-09-08T00:00:00,48.6436
2018-09-09T00:00:00,49.898
2018-09-10T00:00:00,49.7469
2018-09-11T00:00:00,50.7629
2018-09-12T00:00:00,52.8456
2018-09-13T00:00:00,53.0585
2018-09-14T00:00:00,52.0545
2018-09-15T00:00:00,51.5525
2018-09-16T00:00:00,50.3478
2018-09-17T00:00:00,50.3478
2018-09-18T00:00:00,50.398
2018-09-19T00:00:00,49.7956
2018-09-20T00:00:00,50.2438
2018-09-21T00:00:00,50.9836
2018-09-22T00:00:00,51.8844
2018-09-23T00:00:00,52.5797
2018-09-24T00:00:00,53.3735
2018-09-25T00:00:00,54.8901
2018-09-26T00:00:00,54.1694
2018-09-27T00:00:00,53.6067
2018-09-28T00:00:00,54.1182
2018-09-29T00:00:00,53.9648
2018-09-30T00:00:00,54.6298
2018-10-01T00:00:00,55.1413
2018-10-02T00:00:00,53.1564
2018-10-03T00:00:00,53.0951
2018-10-04T00:00:00,53.3803
2018-10-05T00:00:00,52.0896
2018-10-06T00:00:00,50.6479
2018-10-07T00:00:00,49.5048
2018-10-08T00:00:00,48.2628
2018-10-09T00:00:00,48.1896
2018-10-10T00:00:00,48.4369
2018-10-11T00:00:00,48.8929
2018-10-12T00:00:00,48.9942
2018-10-13T00:00:00,49.8049
2018-10-14T00:00:00,48.3862
2018-10-15T00:00:00,49.7542
2018-10-16T00:00:00,50.0076
2018-10-17T00:00:00,49.7036
2018-10-18T00:00:00,48.3844
2018-10-19T00:00:00,48.6284
2018-10-20T00:00:00,48.4653
2018-10-21T00:00:00,49.4261
2018-10-22T00:00:00,48.7847
2018-10-23T00:00:00,49.4626
2018-10-24T00:00:00,47.986999999999995
2018-10-25T00:00:00,47.9381
2018-10-26T00:00:00,47.986999999999995
2018-10-27T00:00:00,47.6452
2018-10-28T00:00:00,47.7429
2018-10-29T00:00:00,47.3035
2018-10-30T00:00:00,47.3035
2018-10-31T00:00:00,49.7444
2018-11-01T00:00:00,50.5759
2018-11-02T00:00:00,50.5179
2018-11-03T00:00:00,51.673
2018-11-04T00:00:00,50.7933
2018-11-05T00:00:00,50.6372
2018-11-06T00:00:00,49.3161
2018-11-07T00:00:00,47.6524
2018-11-08T00:00:00,45.9908
2018-11-09T00:00:00,45.2162
2018-11-10T00:00:00,43.7638
2018-11-11T00:00:00,44.8773
2018-11-12T00:00:00,44.6836
2018-11-13T00:00:00,44.2964
2018-11-14T00:00:00,44.5384
2018-11-15T00:00:00,44.8289
2018-11-16T00:00:00,44.3295
2018-11-17T00:00:00,44.4884
2018-11-18T00:00:00,42.9347
2018-11-19T00:00:00,41.806000000000004
2018-11-20T00:00:00,41.9146
2018-11-21T00:00:00,40.0865
2018-11-22T00:00:00,39.4078
2018-11-23T00:00:00,39.363
2018-11-24T00:00:00,39.2733
2018-11-25T00:00:00,39.2801
2018-11-26T00:00:00,38.4568
2018-11-27T00:00:00,38.1491
2018-11-28T00:00:00,38.4952
2018-11-29T00:00:00,37.5223
2018-11-30T00:00:00,36.187
2018-12-01T00:00:00,34.9478
2018-12-02T00:00:00,34.1447
2018-12-03T00:00:00,33.3231
2018-12-04T00:00:00,32.5599
2018-12-05T00:00:00,32.0725
2018-12-06T00:00:00,32.3174
2018-12-07T00:00:00,32.0065
2018-12-08T00:00:00,31.2437
2018-12-09T00:00:00,30.9694
2018-12-10T00:00:00,31.2703
2018-12-11T00:00:00,30.8137
2018-12-12T00:00:00,30.4625
2018-12-13T00:00:00,30.2688
2018-12-14T00:00:00,31.3797
2018-12-15T00:00:00,32.1435
2018-12-16T00:00:00,31.6922
2018-12-17T00:00:00,32.942
2018-12-18T00:00:00,32.5704
2018-12-19T00:00:00,33.0338
2018-12-20T00:00:00,32.7245
2018-12-21T00:00:00,32.1028
2018-12-22T00:00:00,32.4887
2018-12-23T00:00:00,34.0867
2018-12-24T00:00:00,33.4229
2018-12-25T00:00:00,34.5203
2018-12-26T00:00:00,34.9596
2018-12-27T00:00:00,36.3926
2018-12-28T00:00:00,37.389
2018-12-29T00:00:00,36.3284
2018-12-30T00:00:00,36.5595
2018-12-31T00:00:00,37.3097
2019-01-01T00:00:00,37.6163
2019-01-02T00:00:00,37.8598
2019-01-03T00:00:00,37.6911
2019-01-04T00:00:00,37.5376
2019-01-05T00:00:00,38.8264
2019-01-06T00:00:00,38.0106
2019-01-07T00:00:00,37.3753
2019-01-08T00:00:00,37.9524
2019-01-09T00:00:00,38.4139
2019-01-10T00:00:00,38.4494
2019-01-11T00:00:00,38.4139
2019-01-12T00:00:00,37.4632
2019-01-13T00:00:00,37.2585
2019-01-14T00:00:00,37.6504
2019-01-15T00:00:00,36.4323
2019-01-16T00:00:00,35.428000000000004
2019-01-17T00:00:00,34.4904
2019-01-18T00:00:00,34.2352
2019-01-19T00:00:00,34.2172
2019-01-20T00:00:00,35.1036
2019-01-21T00:00:00,35.0765
2019-01-22T00:00:00,34.9492
2019-01-23T00:00:00,35.3585
2019-01-24T00:00:00,36.558
2019-01-25T00:00:00,36.4453
2019-01-26T00:00:00,36.9386
2019-01-27T00:00:00,36.1022
2019-01-28T00:00:00,35.8054
2019-01-29T00:00:00,36.2598
2019-01-30T00:00:00,35.7913
2019-01-31T00:00:00,35.4148
2019-02-01T00:00:00,36.056999999999995
2019-02-02T00:00:00,35.7845
2019-02-03T00:00:00,35.7623
2019-02-04T00:00:00,35.8323
2019-02-05T00:00:00,35.8673
2019-02-06T00:00:00,36.8471
2019-02-07T00:00:00,37.512
2019-02-08T00:00:00,37.6869
2019-02-09T00:00:00,37.8969
2019-02-10T00:00:00,38.1749
2019-02-11T00:00:00,38.3203
2019-02-12T00:00:00,37.8456
2019-02-13T00:00:00,37.688
2019-02-14T00:00:00,36.7427
2019-02-15T00:00:00,35.6716
2019-02-16T00:00:00,35.8944
2019-02-17T00:00:00,36.5875
2019-02-18T00:00:00,36.9523
2019-02-19T00:00:00,37.9737
2019-02-20T00:00:00,37.1347
2019-02-21T00:00:00,36.3322
2019-02-22T00:00:00,37.6748
2019-02-23T00:00:00,37.4776
2019-02-24T00:00:00,36.7394
2019-02-25T00:00:00,36.3688
2019-02-26T00:00:00,36.6268
2019-02-27T00:00:00,37.0943
2019-02-28T00:00:00,38.2956
2019-03-01T00:00:00,38.3057
2019-03-02T00:00:00,37.9241
2019-03-03T00:00:00,38.2742
2019-03-04T00:00:00,38.0689
2019-03-05T00:00:00,37.6434
2019-03-06T00:00:00,37.1785
2019-03-07T00:00:00,36.8385
2019-03-08T00:00:00,36.2016
2019-03-09T00:00:00,36.3643
2019-03-10T00:00:00,35.9323
2019-03-11T00:00:00,36.0537
2019-03-12T00:00:00,35.7668
2019-03-13T00:00:00,35.9655
2019-03-14T00:00:00,36.4389
2019-03-15T00:00:00,36.6927
2019-03-16T00:00:00,37.6761
2019-03-17T00:00:00,38.1055
2019-03-18T00:00:00,38.8708
2019-03-19T00:00:00,40.0813
2019-03-20T00:00:00,41.103
2019-03-21T00:00:00,40.7254
2019-03-22T00:00:00,41.088
2019-03-23T00:00:00,40.4211
2019-03-24T00:00:00,40.8535
2019-03-25T00:00:00,40.6523
2019-03-26T00:00:00,39.4242
2019-03-27T00:00:00,39.262
2019-03-28T00:00:00,39.6497
2019-03-29T00:00:00,39.4096
2019-03-30T00:00:00,39.4507
2019-03-31T00:00:00,39.0223
2019-04-01T00:00:00,38.5549
2019-04-02T00:00:00,39.1947
2019-04-03T00:00:00,38.6906
2019-04-04T00:00:00,38.2989
2019-04-05T00:00:00,38.549
2019-04-06T00:00:00,38.4742
2019-04-07T00:00:00,38.4762
2019-04-08T00:00:00,38.8638
2019-04-09T00:00:00,38.1518
2019-04-10T00:00:00,38.6232
2019-04-11T00:00:00,39.5452
2019-04-12T00:00:00,39.641
2019-04-13T00:00:00,39.7301
2019-04-14T00:00:00,39.2196
2019-04-15T00:00:00,39.365
2019-04-16T00:00:00,40.0483
2019-04-17T00:00:00,39.8264
2019-04-18T00:00:00,39.6004
2019-04-19T00:00:00,39.6406
2019-04-20T00:00:00,39.4798
2019-04-21T00:00:00,41.0472
2019-04-22T00:00:00,40.5712
2019-04-23T00:00:00,39.3762
2019-04-24T00:00:00,40.3403
2019-04-25T00:00:00,40.0631
2019-04-26T00:00:00,39.9849
2019-04-27T00:00:00,40.1917
2019-04-28T00:00:00,40.2316
2019-04-29T00:00:00,41.3902
2019-04-30T00:00:00,42.3491
2019-05-01T00:00:00,42.6687
2019-05-02T00:00:00,44.185
2019-05-03T00:00:00,44.1244
2019-05-04T00:00:00,44.1223
2019-05-05T00:00:00,42.9572
2019-05-06T00:00:00,42.7039
2019-05-07T00:00:00,42.3748
2019-05-08T00:00:00,41.8433
2019-05-09T00:00:00,40.8313
2019-05-10T00:00:00,40.0404
2019-05-11T00:00:00,39.9575
2019-05-12T00:00:00,41.1595
2019-05-13T00:00:00,41.8227
2019-05-14T00:00:00,42.858999999999995
2019-05-15T00:00:00,42.7346
2019-05-16T00:00:00,42.5688
2019-05-17T00:00:00,43.6465
2019-05-18T00:00:00,44.6022
2019-05-19T00:00:00,44.8119
2019-05-20T00:00:00,44.5657
2019-05-21T00:00:00,44.6095
2019-05-22T00:00:00,45.3581
2019-05-23T00:00:00,45.8579
2019-05-24T00:00:00,46.3412
2019-05-25T00:00:00,46.1665
2019-05-26T00:00:00,46.6787
2019-05-27T00:00:00,47.361999999999995
2019-05-28T00:00:00,48.2448
2019-05-29T00:00:00,48.9878
2019-05-30T00:00:00,50.2811
2019-05-31T00:00:00,49.2753
2019-06-01T00:00:00,50.7369
2019-06-02T00:00:00,50.0862
2019-06-03T00:00:00,48.7409
2019-06-04T00:00:00,49.0645
2019-06-05T00:00:00,49.2415
2019-06-06T00:00:00,49.0945
2019-06-07T00:00:00,51.1047
2019-06-08T00:00:00,49.5533
2019-06-09T00:00:00,50.1403
2019-06-10T00:00:00,51.3696
2019-06-11T00:00:00,50.4163
2019-06-12T00:00:00,48.6152
2019-06-13T00:00:00,47.8839
2019-06-14T00:00:00,47.8815
2019-06-15T00:00:00,48.4921
2019-06-16T00:00:00,47.2418
2019-06-17T00:00:00,46.0932
2019-06-18T00:00:00,46.9652
2019-06-19T00:00:00,49.0324
2019-06-20T00:00:00,48.6646
2019-06-21T00:00:00,47.015
2019-06-22T00:00:00,47.1913
2019-06-23T00:00:00,50.0487
2019-06-24T00:00:00,52.8389
2019-06-25T00:00:00,52.6982
2019-06-26T00:00:00,52.8698
2019-06-27T00:00:00,53.9043
2019-06-28T00:00:00,56.5718
2019-06-29T00:00:00,59.0586
2019-06-30T00:00:00,58.4148
2019-07-01T00:00:00,57.217
2019-07-02T00:00:00,58.3072
2019-07-03T00:00:00,59.1896
2019-07-04T00:00:00,60.4547
2019-07-05T00:00:00,61.7632
2019-07-06T00:00:00,61.8943
2019-07-07T00:00:00,61.8759
2019-07-08T00:00:00,63.6734
2019-07-09T00:00:00,64.6283
2019-07-10T00:00:00,63.3155
2019-07-11T00:00:00,62.2691
2019-07-12T00:00:00,62.1809
2019-07-13T00:00:00,61.2788
2019-07-14T00:00:00,61.9523
2019-07-15T00:00:00,61.3546
2019-07-16T00:00:00,61.8415
2019-07-17T00:00:00,62.085
2019-07-18T00:00:00,61.598
2019-07-19T00:00:00,58.7981
2019-07-20T00:00:00,60.6691
2019-07-21T00:00:00,60.6429
2019-07-22T00:00:00,61.0874
2019-07-23T00:00:00,59.3815
2019-07-24T00:00:00,58.9693
2019-07-25T00:00:00,59.8955
2019-07-26T00:00:00,61.8886
2019-07-27T00:00:00,59.836999999999996
2019-07-28T00:00:00,60.7104
2019-07-29T00:00:00,60.6653
2019-07-30T00:00:00,60.3596
2019-07-31T00:00:00,62.1283
2019-08-01T00:00:00,61.6861
2019-08-02T00:00:00,61.7284
2019-08-03T00:00:00,62.7626
2019-08-04T00:00:00,62.1982
2019-08-05T00:00:00,61.5525
2019-08-06T00:00:00,63.4314
2019-08-07T00:00:00,63.2241
2019-08-08T00:00:00,63.955
2019-08-09T00:00:00,63.6193
2019-08-10T00:00:00,63.306999999999995
2019-08-11T00:00:00,63.4429
2019-08-12T00:00:00,62.8387
2019-08-13T00:00:00,62.597
2019-08-14T00:00:00,62.5366
2019-08-15T00:00:00,63.4429
2019-08-16T00:00:00,63.4429
2019-08-17T00:00:00,62.0532
2019-08-18T00:00:00,60.5729
2019-08-19T00:00:00,62.581
2019-08-20T00:00:00,62.5227
2019-08-21T00:00:00,61.7191
2019-08-22T00:00:00,60.9214
2019-08-23T00:00:00,61.4673
2019-08-24T00:00:00,63.5927
2019-08-25T00:00:00,65.3797
2019-08-26T00:00:00,63.7775
2019-08-27T00:00:00,62.6683
2019-08-28T00:00:00,63.5927
2019-08-29T00:00:00,65.0716
2019-08-30T00:00:00,65.5029
2019-08-31T00:00:00,65.8726
2019-09-01T00:00:00,65.6424
2019-09-02T00:00:00,66.9125
2019-09-03T00:00:00,69.2835
2019-09-04T00:00:00,68.8435
2019-09-05T00:00:00,69.4311
2019-09-06T00:00:00,69.8705
2019-09-07T00:00:00,69.4187
2019-09-08T00:00:00,71.6349
2019-09-09T00:00:00,71.4393
2019-09-10T00:00:00,72.6126
2019-09-11T00:00:00,75.7413
2019-09-12T00:00:00,75.2851
2019-09-13T00:00:00,75.7789
2019-09-14T00:00:00,77.154
2019-09-15T00:00:00,76.1935
2019-09-16T00:00:00,78.4049
2019-09-17T00:00:00,77.1905
2019-09-18T00:00:00,77.7164
2019-09-19T00:00:00,78.0664
2019-09-20T00:00:00,78.1383
2019-09-21T00:00:00,77.8505
2019-09-22T00:00:00,80.2968
2019-09-23T00:00:00,76.7713
2019-09-24T00:00:00,77.4188
2019-09-25T00:00:00,76.1237
2019-09-26T00:00:00,78.678
2019-09-27T00:00:00,78.0052
2019-09-28T00:00:00,78.3379
2019-09-29T00:00:00,76.7363
2019-09-30T00:00:00,78.2691
2019-10-01T00:00:00,77.6816
2019-10-02T00:00:00,77.3765
2019-10-03T00:00:00,75.0189
2019-10-04T00:00:00,75.6726
2019-10-05T00:00:00,74.8989
2019-10-06T00:00:00,75.2605
2019-10-07T00:00:00,76.6602
2019-10-08T00:00:00,77.5892
2019-10-09T00:00:00,76.5837
2019-10-10T00:00:00,77.6025
2019-10-11T00:00:00,78.1819
2019-10-12T00:00:00,76.4196
2019-10-13T00:00:00,76.1152
2019-10-14T00:00:00,74.8671
2019-10-15T00:00:00,74.4344
2019-10-16T00:00:00,74.8666
2019-10-17T00:00:00,73.8547
2019-10-18T00:00:00,74.0057
2019-10-19T00:00:00,74.5389
2019-10-20T00:00:00,74.7023
2019-10-21T00:00:00,75.3784
2019-10-22T00:00:00,77.3408
2019-10-23T00:00:00,79.788
2019-10-24T00:00:00,79.0636
2019-10-25T00:00:00,77.8749
2019-10-26T00:00:00,78.1391
2019-10-27T00:00:00,76.3334
2019-10-28T00:00:00,73.5871
2019-10-29T00:00:00,72.935
2019-10-30T00:00:00,70.3459
2019-10-31T00:00:00,70.2697
2019-11-01T00:00:00,69.9034
2019-11-02T00:00:00,69.6949
2019-11-03T00:00:00,71.5752
2019-11-04T00:00:00,71.5462
2019-11-05T00:00:00,72.5183
2019-11-06T00:00:00,72.4892
2019-11-07T00:00:00,72.2351
2019-11-08T00:00:00,71.5039
2019-11-09T00:00:00,71.6255
2019-11-10T00:00:00,73.0354
2019-11-11T00:00:00,73.8192
2019-11-12T00:00:00,72.5168
2019-11-13T00:00:00,72.1394
2019-11-14T00:00:00,74.7714
2019-11-15T00:00:00,76.9487
2019-11-16T00:00:00,77.23899999999999
2019-11-17T00:00:00,76.3681
2019-11-18T00:00:00,75.5697
2019-11-19T00:00:00,76.4406
2019-11-20T00:00:00,76.9487
2019-11-21T00:00:00,74.5255
2019-11-22T00:00:00,72.6999
2019-11-23T00:00:00,74.5947
2019-11-24T00:00:00,72.9863
2019-11-25T00:00:00,72.39399999999999
2019-11-26T00:00:00,69.9796
2019-11-27T00:00:00,69.5875
2019-11-28T00:00:00,71.2063
2019-11-29T00:00:00,73.1903
2019-11-30T00:00:00,67.6152
2019-12-01T00:00:00,67.7392
2019-12-02T00:00:00,68.8303
2019-12-03T00:00:00,71.0444
2019-12-04T00:00:00,72.7754
2019-12-05T00:00:00,71.1856
2019-12-06T00:00:00,71.5214
2019-12-07T00:00:00,73.2626
2019-12-08T00:00:00,73.8134
2019-12-09T00:00:00,73.9459
2019-12-10T00:00:00,73.172
2019-12-11T00:00:00,70.6631
2019-12-12T00:00:00,69.8326
2019-12-13T00:00:00,70.3171
2019-12-14T00:00:00,70.0402
2019-12-15T00:00:00,68.3792
2019-12-16T00:00:00,69.0021
2019-12-17T00:00:00,69.625
2019-12-18T00:00:00,71.3552
2019-12-19T00:00:00,70.3776
2019-12-20T00:00:00,70.7146
2019-12-21T00:00:00,72.5127
2019-12-22T00:00:00,75.6923
2019-12-23T00:00:00,74.7785
2019-12-24T00:00:00,73.6318
2019-12-25T00:00:00,73.1762
2019-12-26T00:00:00,73.7552
2019-12-27T00:00:00,72.888
2019-12-28T00:00:00,70.9046
2019-12-29T00:00:00,69.8216
2019-12-30T00:00:00,70.5482
2019-12-31T00:00:00,72.615
2020-01-01T00:00:00,74.4752
2020-01-02T00:00:00,73.6484
2020-01-03T00:00:00,74.3374
2020-01-04T00:00:00,74.7508
2020-01-05T00:00:00,74.7508
2020-01-06T00:00:00,74.7508
2020-01-07T00:00:00,74.7508
2020-01-08T00:00:00,74.7508
2020-01-09T00:00:00,74.7508
2020-01-10T00:00:00,74.7508
2020-01-11T00:00:00,74.7508
2020-01-12T00:00:00,74.7508
2020-01-13T00:00:00,74.7508
2020-01-14T00:00:00,74.7508
2020-01-15T00:00:00,74.7508
2020-01-16T00:00:00,74.7508
2020-01-17T00:00:00,74.7508
2020-01-18T00:00:00,74.7508
2020-01-19T00:00:00,74.7508
2020-01-20T00:00:00,74.7508
2020-01-21T00:00:00,84.50200000000001
2020-01-22T00:00:00,85.0579
2020-01-23T00:00:00,86.7257
2020-01-24T00:00:00,88.3935
2020-01-25T00:00:00,84.50200000000001
2020-01-26T00:00:00,91.1732
2020-01-27T00:00:00,79.4986
2020-01-28T00:00:00,71.7155
2020-01-29T00:00:00,81.2262
2020-01-30T00:00:00,93.1014
2020-01-31T00:00:00,93.1014
2020-02-01T00:00:00,83.7913
2020-02-02T00:00:00,87.8645
2020-02-03T00:00:00,83.2094
2020-02-04T00:00:00,86.1188
2020-02-05T00:00:00,76.8087
2020-02-06T00:00:00,94.6328
2020-02-07T00:00:00,80.3486
2020-02-08T00:00:00,82.7293
